file_name,text
200.png,manga professor einstein
201.png,manga professor einstein
202.png,manga professor einstein
203.png,manga professor einstein
204.png,manga professor einstein
205.png,manga professor einstein
206.png,manga professor einstein
207.png,manga professor einstein
208.png,manga professor einstein
209.png,manga professor einstein
210.png,manga professor einstein
211.png,manga professor einstein
212.png,manga professor einstein
213.png,manga professor einstein
214.png,manga professor einstein
215.png,manga professor einstein
216.png,manga professor einstein
217.png,manga professor einstein
218.png,manga professor einstein
219.png,manga professor einstein
220.png,manga professor einstein
221.png,manga professor einstein
222.png,manga professor einstein
223.png,manga professor einstein
224.png,manga professor einstein
225.png,manga professor einstein
226.png,manga professor einstein
227.png,manga professor einstein
228.png,manga professor einstein
229.png,manga professor einstein
230.png,manga professor einstein
231.png,manga professor einstein
232.png,manga professor einstein
233.png,manga professor einstein
234.png,manga professor einstein
235.png,manga professor einstein
236.png,manga professor einstein
237.png,manga professor einstein
238.png,manga professor einstein
239.png,manga professor einstein
240.png,manga professor einstein
241.png,manga professor einstein
242.png,manga professor einstein
243.png,manga professor einstein
244.png,manga professor einstein
245.png,manga professor einstein
246.png,manga professor einstein
247.png,manga professor einstein
248.png,manga professor einstein
249.png,manga professor einstein
250.png,manga professor einstein
251.png,manga professor einstein
252.png,manga professor einstein
253.png,manga professor einstein
254.png,manga professor einstein
255.png,manga professor einstein
256.png,manga professor einstein
257.png,manga professor einstein
258.png,manga professor einstein
259.png,manga professor einstein
260.png,manga professor einstein
261.png,manga professor einstein
262.png,manga professor einstein
263.png,manga professor einstein
264.png,manga professor einstein
265.png,manga professor einstein
266.png,manga professor einstein
267.png,manga professor einstein
268.png,manga professor einstein
269.png,manga professor einstein
270.png,manga professor einstein
271.png,manga professor einstein
272.png,manga professor einstein
273.png,manga professor einstein
274.png,manga professor einstein
275.png,manga professor einstein
276.png,manga professor einstein
277.png,manga professor einstein
278.png,manga professor einstein
279.png,manga professor einstein
280.png,manga professor einstein
281.png,manga professor einstein
282.png,manga professor einstein
283.png,manga professor einstein
284.png,manga professor einstein
285.png,manga professor einstein
286.png,manga professor einstein
287.png,manga professor einstein
288.png,manga professor einstein
289.png,manga professor einstein
290.png,manga professor einstein
291.png,manga professor einstein
292.png,manga professor einstein
